cmp-char	uni-char	cmp-code	uni-code
࿕	卐	0FD5	5350
࿖	卍	0FD6	534D
⺀		2E80	
⺁		2E81	
⺂	乛	2E82	4E5B
⺃	乚	2E83	4E5A
⺄		2E84	
⺅	亻	2E85	4EBB
⺆		2E86	
⺇		2E87	
⺈		2E88	
⺉	刂	2E89	5202
⺊		2E8A	
⺋	㔾	2E8B	353E
⺌		2E8C	
⺍		2E8D	
⺎	兀	2E8E	5140
⺏	尣	2E8F	5C23
⺐	尢	2E90	5C22
⺑	𡯂	2E91	21BC2
⺒	巳	2E92	5DF3
⺓	幺	2E93	5E7A
⺔	彑	2E94	5F51
⺕		2E95	
⺖	忄	2E96	5FC4
⺗	㣺	2E97	38FA
⺘	扌	2E98	624C
⺙	攵	2E99	6535
⺛	旡	2E9B	65E1
⺜		2E9C	
⺝		2E9D	
⺞	歺	2E9E	6B7A
⺟	母	2E9F	6BCD
⺠	民	2EA0	6C11
⺡	氵	2EA1	6C35
⺢	氺	2EA2	6C3A
⺣	灬	2EA3	706C
⺤	爫	2EA4	722B
⺥		2EA5	
⺦	丬	2EA6	4E2C
⺧		2EA7	
⺨	犭	2EA8	72AD
⺩		2EA9	
⺪		2EAA	
⺫	罒	2EAB	7F52
⺬		2EAC	
⺭	礻	2EAD	793B
⺮		2EAE	
⺯	糹	2EAF	7CF9
⺰	纟	2EB0	7E9F
⺱	罓	2EB1	7F53
⺲	罒	2EB2	7F52
⺳		2EB3	
⺴		2EB4	
⺵		2EB5	
⺶		2EB6	
⺷		2EB7	
⺸		2EB8	
⺹	耂	2EB9	8002
⺺	肀	2EBA	8080
⺻		2EBB	
⺼		2EBC	
⺽		2EBD	
⺾	艹	2EBE	8279
⺿	艹	2EBF	8279
⻀	艹	2EC0	8279
⻁	虎	2EC1	864E
⻂	衤	2EC2	8864
⻃	覀	2EC3	8980
⻄	西	2EC4	897F
⻅	见	2EC5	89C1
⻆	角	2EC6	89D2
⻇	𧢲	2EC7	278B2
⻈	讠	2EC8	8BA0
⻉	贝	2EC9	8D1D
⻊		2ECA	
⻋	车	2ECB	8F66
⻌	辶	2ECC	8FB6
⻍	辶	2ECD	8FB6
⻎		2ECE	
⻏	阝	2ECF	961D
⻐	钅	2ED0	9485
⻑	長	2ED1	9577
⻒	镸	2ED2	9578
⻓	长	2ED3	957F
⻔	门	2ED4	95E8
⻕		2ED5	
⻖	阝	2ED6	961D
⻗		2ED7	
⻘	青	2ED8	9752
⻙	韦	2ED9	97E6
⻚	页	2EDA	9875
⻛	风	2EDB	98CE
⻜	飞	2EDC	98DE
⻝	食	2EDD	98DF
⻞	飠	2EDE	
⻟	飠	2EDF	98E0
⻠	饣	2EE0	9963
⻡	𩠐	2EE1	29810
⻢	马	2EE2	9A6C
⻣	骨	2EE3	9AA8
⻤	鬼	2EE4	9B3C
⻥	鱼	2EE5	9C7C
⻦	鸟	2EE6	9E1F
⻧	卤	2EE7	5364
⻨	麦	2EE8	9EA6
⻩	黄	2EE9	9EC4
⻪	黾	2EEA	9EFE
⻫	斉	2EEB	6589
⻬	齐	2EEC	9F50
⻭	歯	2EED	6B6F
⻮	齿	2EEE	9F7F
⻯	竜	2EEF	7ADC
⻰	龙	2EF0	9F99
⻱	龜	2EF1	
⻲	亀	2EF2	4E80
⻳	龟	2EF3	9F9F
⼀	一	2F00	4E00
⼁	丨	2F01	4E28
⼂	丶	2F02	4E36
⼃	丿	2F03	4E3F
⼄	乙	2F04	4E59
⼅	亅	2F05	4E85
⼆	二	2F06	4E8C
⼇	亠	2F07	4EA0
⼈	人	2F08	4EBA
⼉	儿	2F09	513F
⼊	入	2F0A	5165
⼋	八	2F0B	516B
⼌	冂	2F0C	5182
⼍	冖	2F0D	5196
⼎	冫	2F0E	51AB
⼏	几	2F0F	51E0
⼐	凵	2F10	51F5
⼑	刀	2F11	5200
⼒	力	2F12	529B
⼓	勹	2F13	52F9
⼔	匕	2F14	5315
⼕	匚	2F15	531A
⼖	匸	2F16	5338
⼗	十	2F17	5341
⼘	卜	2F18	535C
⼙	卩	2F19	5369
⼚	厂	2F1A	5382
⼛	厶	2F1B	53B6
⼜	又	2F1C	53C8
⼝	口	2F1D	53E3
⼞	口	2F1E	53E3
⼟	土	2F1F	571F
⼠	土	2F20	571F
⼡	夂	2F21	5902
⼢	夊	2F22	590A
⼣	夕	2F23	5915
⼤	大	2F24	5927
⼥	女	2F25	5973
⼦	子	2F26	5B50
⼧	宀	2F27	5B80
⼨	寸	2F28	5BF8
⼩	小	2F29	5C0F
⼪	尢	2F2A	5C22
⼫	尸	2F2B	5C38
⼬	屮	2F2C	5C6E
⼭	山	2F2D	5C71
⼮	巛	2F2E	5DDB
⼯	工	2F2F	5DE5
⼰	己	2F30	5DF1
⼱	巾	2F31	5DFE
⼲	干	2F32	5E72
⼳	幺	2F33	5E7A
⼴	广	2F34	5E7F
⼵	廴	2F35	5EF4
⼶	廾	2F36	5EFE
⼷	弋	2F37	5F0B
⼸	弓	2F38	5F13
⼹	彐	2F39	5F50
⼺	彡	2F3A	5F61
⼻	彳	2F3B	5F73
⼼	心	2F3C	5FC3
⼽	戈	2F3D	6208
⼾	戶	2F3E	6236
⼿	手	2F3F	624B
⽀	支	2F40	652F
⽁	攴	2F41	6534
⽂	文	2F42	6587
⽃	斗	2F43	6597
⽄	斤	2F44	65A4
⽅	方	2F45	65B9
⽆	无	2F46	65E0
⽇	日	2F47	65E5
⽈	曰	2F48	66F0
⽉	月	2F49	6708
⽊	木	2F4A	6728
⽋	欠	2F4B	6B20
⽌	止	2F4C	6B62
⽍	歹	2F4D	6B79
⽎	殳	2F4E	6BB3
⽏	毋	2F4F	6BCB
⽐	比	2F50	6BD4
⽑	毛	2F51	6BDB
⽒	氏	2F52	6C0F
⽓	气	2F53	6C14
⽔	水	2F54	6C34
⽕	火	2F55	706B
⽖	爪	2F56	722A
⽗	父	2F57	7236
⽘	爻	2F58	723B
⽙	爿	2F59	723F
⽚	片	2F5A	7247
⽛	牙	2F5B	7259
⽜	牛	2F5C	725B
⽝	犬	2F5D	72AC
⽞	玄	2F5E	7384
⽟	玉	2F5F	7389
⽠	瓜	2F60	74DC
⽡	瓦	2F61	74E6
⽢	甘	2F62	7518
⽣	生	2F63	751F
⽤	用	2F64	7528
⽥	田	2F65	7530
⽦	疋	2F66	758B
⽧	疒	2F67	7592
⽨	癶	2F68	7676
⽩	白	2F69	767D
⽪	皮	2F6A	76AE
⽫	皿	2F6B	76BF
⽬	目	2F6C	76EE
⽭	矛	2F6D	77DB
⽮	矢	2F6E	77E2
⽯	石	2F6F	77F3
⽰	示	2F70	793A
⽱	禸	2F71	79B8
⽲	禾	2F72	79BE
⽳	穴	2F73	7A74
⽴	立	2F74	7ACB
⽵	竹	2F75	7AF9
⽶	米	2F76	7C73
⽷	糸	2F77	7CF8
⽸	缶	2F78	7F36
⽹	网	2F79	7F51
⽺	羊	2F7A	7F8A
⽻	羽	2F7B	7FBD
⽼	老	2F7C	8001
⽽	而	2F7D	800C
⽾	耒	2F7E	8012
⽿	耳	2F7F	8033
⾀	聿	2F80	807F
⾁	肉	2F81	8089
⾂	臣	2F82	81E3
⾃	自	2F83	81EA
⾄	至	2F84	81F3
⾅	臼	2F85	81FC
⾆	舌	2F86	820C
⾇	舛	2F87	821B
⾈	舟	2F88	821F
⾉	艮	2F89	826E
⾊	色	2F8A	8272
⾋	艸	2F8B	8278
⾌	虍	2F8C	864D
⾍	虫	2F8D	866B
⾎	血	2F8E	8840
⾏	行	2F8F	884C
⾐	衣	2F90	8863
⾑	襾	2F91	897E
⾒	見	2F92	898B
⾓	角	2F93	89D2
⾔	言	2F94	8A00
⾕	谷	2F95	8C37
⾖	豆	2F96	8C46
⾗	豕	2F97	8C55
⾘	豸	2F98	8C78
⾙	貝	2F99	8C9D
⾚	赤	2F9A	8D64
⾛	走	2F9B	8D70
⾜	足	2F9C	8DB3
⾝	身	2F9D	8EAB
⾞	車	2F9E	8ECA
⾟	辛	2F9F	8F9B
⾠	辰	2FA0	8FB0
⾡	辵	2FA1	8FB5
⾢	邑	2FA2	9091
⾣	酉	2FA3	9149
⾤	釆	2FA4	91C6
⾥	里	2FA5	91CC
⾦	金	2FA6	91D1
⾧	長	2FA7	9577
⾨	門	2FA8	9580
⾩	阜	2FA9	961C
⾪	隶	2FAA	96B6
⾫	隹	2FAB	96B9
⾬	雨	2FAC	96E8
⾭	靑	2FAD	9751
⾮	非	2FAE	975E
⾯	面	2FAF	9762
⾰	革	2FB0	9769
⾱	韋	2FB1	97CB
⾲	韭	2FB2	97ED
⾳	音	2FB3	97F3
⾴	頁	2FB4	9801
⾵	風	2FB5	98A8
⾶	飛	2FB6	98DB
⾷	食	2FB7	98DF
⾸	首	2FB8	9996
⾹	香	2FB9	9999
⾺	馬	2FBA	99AC
⾻	骨	2FBB	9AA8
⾼	高	2FBC	9AD8
⾽	髟	2FBD	9ADF
⾾	鬥	2FBE	9B25
⾿	鬯	2FBF	9B2F
⿀	鬲	2FC0	9B32
⿁	鬼	2FC1	9B3C
⿂	魚	2FC2	9B5A
⿃	鳥	2FC3	9CE5
⿄	鹵	2FC4	9E75
⿅	鹿	2FC5	9E7F
⿆	麥	2FC6	9EA5
⿇	麻	2FC7	9EBB
⿈	黃	2FC8	9EC3
⿉	黍	2FC9	9ECD
⿊	黑	2FCA	9ED1
⿋	黹	2FCB	9EF9
⿌	黽	2FCC	9EFD
⿍	鼎	2FCD	9F0E
⿎	鼓	2FCE	9F13
⿏	鼠	2FCF	9F20
⿐	鼻	2FD0	9F3B
⿑	齊	2FD1	9F4A
⿒	齒	2FD2	9F52
⿓	龍	2FD3	9F8D
⿔	龜	2FD4	9F9C
⿕	龠	2FD5	9FA0
〸	十	3038	5341
〹	卄	3039	5344
〺	卅	303A	5345
イ	亻	30A4	4EBB
エ	工	30A8	5DE5
カ	力	30AB	529B
タ	夕	30BF	5915
ト	卜	30C8	535C
ニ	二	30CB	4E8C
ハ	八	30CF	516B
ロ	口	30ED	53E3
ㄦ	儿	3126	513F
㇖	乛	31D6	4E5B
㇚	亅	31DA	4E85
㇟	乚	31DF	4E5A
㇠	乙	31E0	4E59
豈	豈	F900	8C48
更	更	F901	66F4
車	車	F902	8ECA
賈	賈	F903	8CC8
滑	滑	F904	6ED1
串	串	F905	4E32
句	句	F906	53E5
龜	龜	F907	9F9C
龜	龜	F908	9F9C
契	契	F909	5951
金	金	F90A	91D1
喇	喇	F90B	5587
奈	奈	F90C	5948
懶	懶	F90D	61F6
癩	癩	F90E	7669
羅	羅	F90F	7F85
蘿	蘿	F910	863F
螺	螺	F911	87BA
裸	裸	F912	88F8
邏	邏	F913	908F
樂	樂	F914	6A02
洛	洛	F915	6D1B
烙	烙	F916	70D9
珞	珞	F917	73DE
落	落	F918	843D
酪	酪	F919	916A
駱	駱	F91A	99F1
亂	亂	F91B	4E82
卵	卵	F91C	5375
欄	欄	F91D	6B04
爛	爛	F91E	721B
蘭	蘭	F91F	862D
鸞	鸞	F920	9E1E
嵐	嵐	F921	5D50
濫	濫	F922	6FEB
藍	藍	F923	85CD
襤	襤	F924	8964
拉	拉	F925	62C9
臘	臘	F926	81D8
蠟	蠟	F927	881F
廊	廊	F928	5ECA
朗	朗	F929	6717
浪	浪	F92A	6D6A
狼	狼	F92B	72FC
郎	郎	F92C	90CE
來	來	F92D	4F86
冷	冷	F92E	51B7
勞	勞	F92F	52DE
擄	擄	F930	64C4
櫓	櫓	F931	6AD3
爐	爐	F932	7210
盧	盧	F933	76E7
老	老	F934	8001
蘆	蘆	F935	8606
虜	虜	F936	865C
路	路	F937	8DEF
露	露	F938	9732
魯	魯	F939	9B6F
鷺	鷺	F93A	9DFA
碌	碌	F93B	788C
祿	祿	F93C	797F
綠	綠	F93D	7DA0
菉	菉	F93E	83C9
錄	錄	F93F	9304
鹿	鹿	F940	9E7F
論	論	F941	8AD6
壟	壟	F942	58DF
弄	弄	F943	5F04
籠	籠	F944	7C60
聾	聾	F945	807E
牢	牢	F946	7262
磊	磊	F947	78CA
賂	賂	F948	8CC2
雷	雷	F949	96F7
壘	壘	F94A	58D8
屢	屢	F94B	5C62
樓	樓	F94C	6A13
淚	淚	F94D	6DDA
漏	漏	F94E	6F0F
累	累	F94F	7D2F
縷	縷	F950	7E37
陋	陋	F951	964B
勒	勒	F952	52D2
肋	肋	F953	808B
凜	凜	F954	51DC
凌	凌	F955	51CC
稜	稜	F956	7A1C
綾	綾	F957	7DBE
菱	菱	F958	83F1
陵	陵	F959	9675
讀	讀	F95A	8B80
拏	拏	F95B	62CF
樂	樂	F95C	6A02
諾	諾	F95D	8AFE
丹	丹	F95E	4E39
寧	寧	F95F	5BE7
怒	怒	F960	6012
率	率	F961	7387
異	異	F962	7570
北	北	F963	5317
磻	磻	F964	78FB
便	便	F965	4FBF
復	復	F966	5FA9
不	不	F967	4E0D
泌	泌	F968	6CCC
數	數	F969	6578
索	索	F96A	7D22
參	參	F96B	53C3
塞	塞	F96C	585E
省	省	F96D	7701
葉	葉	F96E	8449
說	說	F96F	8AAA
殺	殺	F970	6BBA
辰	辰	F971	8FB0
沈	沈	F972	6C88
拾	拾	F973	62FE
若	若	F974	82E5
掠	掠	F975	63A0
略	略	F976	7565
亮	亮	F977	4EAE
兩	兩	F978	5169
凉	凉	F979	51C9
梁	梁	F97A	6881
糧	糧	F97B	7CE7
良	良	F97C	826F
諒	諒	F97D	8AD2
量	量	F97E	91CF
勵	勵	F97F	52F5
呂	呂	F980	5442
女	女	F981	5973
廬	廬	F982	5EEC
旅	旅	F983	65C5
濾	濾	F984	6FFE
礪	礪	F985	792A
閭	閭	F986	95AD
驪	驪	F987	9A6A
麗	麗	F988	9E97
黎	黎	F989	9ECE
力	力	F98A	529B
曆	曆	F98B	66C6
歷	歷	F98C	6B77
轢	轢	F98D	8F62
年	年	F98E	5E74
憐	憐	F98F	6190
戀	戀	F990	6200
撚	撚	F991	649A
漣	漣	F992	6F23
煉	煉	F993	7149
璉	璉	F994	7489
秊	秊	F995	79CA
練	練	F996	7DF4
聯	聯	F997	806F
輦	輦	F998	8F26
蓮	蓮	F999	84EE
連	連	F99A	9023
鍊	鍊	F99B	934A
列	列	F99C	5217
劣	劣	F99D	52A3
咽	咽	F99E	54BD
烈	烈	F99F	70C8
裂	裂	F9A0	88C2
說	說	F9A1	8AAA
廉	廉	F9A2	5EC9
念	念	F9A3	5FF5
捻	捻	F9A4	637B
殮	殮	F9A5	6BAE
簾	簾	F9A6	7C3E
獵	獵	F9A7	7375
令	令	F9A8	4EE4
囹	囹	F9A9	56F9
寧	寧	F9AA	5BE7
嶺	嶺	F9AB	5DBA
怜	怜	F9AC	601C
玲	玲	F9AD	73B2
瑩	瑩	F9AE	7469
羚	羚	F9AF	7F9A
聆	聆	F9B0	8046
鈴	鈴	F9B1	9234
零	零	F9B2	96F6
靈	靈	F9B3	9748
領	領	F9B4	9818
例	例	F9B5	4F8B
禮	禮	F9B6	79AE
醴	醴	F9B7	91B4
隸	隷	F9B8	96B7
惡	惡	F9B9	60E1
了	了	F9BA	4E86
僚	僚	F9BB	50DA
寮	寮	F9BC	5BEE
尿	尿	F9BD	5C3F
料	料	F9BE	6599
樂	樂	F9BF	6A02
燎	燎	F9C0	71CE
療	療	F9C1	7642
蓼	蓼	F9C2	84FC
遼	遼	F9C3	907C
龍	龍	F9C4	9F8D
暈	暈	F9C5	6688
阮	阮	F9C6	962E
劉	劉	F9C7	5289
杻	杻	F9C8	677B
柳	柳	F9C9	67F3
流	流	F9CA	6D41
溜	溜	F9CB	6E9C
琉	琉	F9CC	7409
留	留	F9CD	7559
硫	硫	F9CE	786B
紐	紐	F9CF	7D10
類	類	F9D0	985E
六	六	F9D1	516D
戮	戮	F9D2	622E
陸	陸	F9D3	9678
倫	倫	F9D4	502B
崙	崙	F9D5	5D19
淪	淪	F9D6	6DEA
輪	輪	F9D7	8F2A
律	律	F9D8	5F8B
慄	慄	F9D9	6144
栗	栗	F9DA	6817
率	率	F9DB	7387
隆	隆	F9DC	9686
利	利	F9DD	5229
吏	吏	F9DE	540F
履	履	F9DF	5C65
易	易	F9E0	6613
李	李	F9E1	674E
梨	梨	F9E2	68A8
泥	泥	F9E3	6CE5
理	理	F9E4	7406
痢	痢	F9E5	75E2
罹	罹	F9E6	7F79
裏	裏	F9E7	88CF
裡	裡	F9E8	88E1
里	里	F9E9	91CC
離	離	F9EA	96E2
匿	匿	F9EB	533F
溺	溺	F9EC	6EBA
吝	吝	F9ED	541D
燐	燐	F9EE	71D0
璘	璘	F9EF	7498
藺	藺	F9F0	85FA
隣	隣	F9F1	96A3
鱗	鱗	F9F2	9C57
麟	麟	F9F3	9E9F
林	林	F9F4	6797
淋	淋	F9F5	6DCB
臨	臨	F9F6	81E8
立	立	F9F7	7ACB
笠	笠	F9F8	7B20
粒	粒	F9F9	7C92
狀	狀	F9FA	72C0
炙	炙	F9FB	7099
識	識	F9FC	8B58
什	什	F9FD	4EC0
茶	茶	F9FE	8336
刺	刺	F9FF	523A
切	切	FA00	5207
度	度	FA01	5EA6
拓	拓	FA02	62D3
糖	糖	FA03	7CD6
宅	宅	FA04	5B85
洞	洞	FA05	6D1E
暴	暴	FA06	66B4
輻	輻	FA07	8F3B
行	行	FA08	884C
降	降	FA09	964D
見	見	FA0A	898B
廓	廓	FA0B	5ED3
兀	兀	FA0C	5140
嗀	嗀	FA0D	55C0
塚	塚	FA10	585A
晴	晴	FA12	6674
凞	凞	FA15	51DE
猪	猪	FA16	732A
益	益	FA17	76CA
礼	礼	FA18	793C
神	神	FA19	795E
祥	祥	FA1A	7965
福	福	FA1B	798F
靖	靖	FA1C	9756
精	精	FA1D	7CBE
羽	羽	FA1E	7FBD
蘒	蘒	FA20	8612
諸	諸	FA22	8AF8
逸	逸	FA25	9038
都	都	FA26	90FD
飯	飯	FA2A	98EF
飼	飼	FA2B	98FC
館	館	FA2C	9928
鶴	鶴	FA2D	9DB4
郞	郎	FA2E	90CE
隷	隷	FA2F	96B7
侮	侮	FA30	4FAE
僧	僧	FA31	50E7
免	免	FA32	514D
勉	勉	FA33	52C9
勤	勤	FA34	52E4
卑	卑	FA35	5351
喝	喝	FA36	559D
嘆	嘆	FA37	5606
器	器	FA38	5668
塀	塀	FA39	5840
墨	墨	FA3A	58A8
層	層	FA3B	5C64
屮	屮	FA3C	5C6E
悔	悔	FA3D	6094
慨	慨	FA3E	6168
憎	憎	FA3F	618E
懲	懲	FA40	61F2
敏	敏	FA41	654F
既	既	FA42	65E2
暑	暑	FA43	6691
梅	梅	FA44	6885
海	海	FA45	6D77
渚	渚	FA46	6E1A
漢	漢	FA47	6F22
煮	煮	FA48	716E
爫	爫	FA49	722B
琢	琢	FA4A	7422
碑	碑	FA4B	7891
社	社	FA4C	793E
祉	祉	FA4D	7949
祈	祈	FA4E	7948
祐	祐	FA4F	7950
祖	祖	FA50	7956
祝	祝	FA51	795D
禍	禍	FA52	798D
禎	禎	FA53	798E
穀	穀	FA54	7A40
突	突	FA55	7A81
節	節	FA56	7BC0
練	練	FA57	7DF4
縉	縉	FA58	7E09
繁	繁	FA59	7E41
署	署	FA5A	7F72
者	者	FA5B	8005
臭	臭	FA5C	81ED
艹	艹	FA5D	8279
艹	艹	FA5E	8279
著	著	FA5F	8457
褐	褐	FA60	8910
視	視	FA61	8996
謁	謁	FA62	8B01
謹	謹	FA63	8B39
賓	賓	FA64	8CD3
贈	贈	FA65	8D08
辶	辶	FA66	8FB6
逸	逸	FA67	9038
難	難	FA68	96E3
響	響	FA69	97FF
頻	頻	FA6A	983B
恵	恵	FA6B	6075
𤋮	𤋮	FA6C	242EE
舘	舘	FA6D	8218
並	並	FA70	4E26
况	况	FA71	51B5
全	全	FA72	5168
侀	侀	FA73	4F80
充	充	FA74	5145
冀	冀	FA75	5180
勇	勇	FA76	52C7
勺	勺	FA77	52FA
喝	喝	FA78	559D
啕	啕	FA79	5555
喙	喙	FA7A	5599
嗢	嗢	FA7B	55E2
塚	塚	FA7C	585A
墳	墳	FA7D	58B3
奄	奄	FA7E	5944
奔	奔	FA7F	5954
婢	婢	FA80	5A62
嬨	嬨	FA81	5B28
廒	廒	FA82	5ED2
廙	廙	FA83	5ED9
彩	彩	FA84	5F69
徭	徭	FA85	5FAD
惘	惘	FA86	60D8
慎	慎	FA87	614E
愈	愈	FA88	6108
憎	憎	FA89	618E
慠	慠	FA8A	6160
懲	懲	FA8B	61F2
戴	戴	FA8C	6234
揄	揄	FA8D	63C4
搜	搜	FA8E	641C
摒	摒	FA8F	6452
敖	敖	FA90	6556
晴	晴	FA91	6674
朗	朗	FA92	6717
望	望	FA93	671B
杖	杖	FA94	6756
歹	歹	FA95	6B79
殺	殺	FA96	6BBA
流	流	FA97	6D41
滛	滛	FA98	6EDB
滋	滋	FA99	6ECB
漢	漢	FA9A	6F22
瀞	瀞	FA9B	701E
煮	煮	FA9C	716E
瞧	瞧	FA9D	77A7
爵	爵	FA9E	7235
犯	犯	FA9F	72AF
猪	猪	FAA0	732A
瑱	瑱	FAA1	7471
甆	甆	FAA2	7506
画	画	FAA3	753B
瘝	瘝	FAA4	761D
瘟	瘟	FAA5	761F
益	益	FAA6	76CA
盛	盛	FAA7	76DB
直	直	FAA8	76F4
睊	睊	FAA9	774A
着	着	FAAA	7740
磌	磌	FAAB	78CC
窱	窱	FAAC	7AB1
節	節	FAAD	7BC0
类	类	FAAE	7C7B
絛	絛	FAAF	7D5B
練	練	FAB0	7DF4
缾	缾	FAB1	7F3E
者	者	FAB2	8005
荒	荒	FAB3	8352
華	華	FAB4	83EF
蝹	蝹	FAB5	8779
襁	襁	FAB6	8941
覆	覆	FAB7	8986
視	視	FAB8	8996
調	調	FAB9	8ABF
諸	諸	FABA	8AF8
請	請	FABB	8ACB
謁	謁	FABC	8B01
諾	諾	FABD	8AFE
諭	諭	FABE	8AED
謹	謹	FABF	8B39
變	變	FAC0	8B8A
贈	贈	FAC1	8D08
輸	輸	FAC2	8F38
遲	遲	FAC3	9072
醙	醙	FAC4	9199
鉶	鉶	FAC5	9276
陼	陼	FAC6	967C
難	難	FAC7	96E3
靖	靖	FAC8	9756
韛	韛	FAC9	97DB
響	響	FACA	97FF
頋	頋	FACB	980B
頻	頻	FACC	983B
鬒	鬒	FACD	9B12
龜	龜	FACE	9F9C
𢡊	𢡊	FACF	2284A
𢡄	𢡄	FAD0	22844
𣏕	𣏕	FAD1	233D5
㮝	㮝	FAD2	3B9D
䀘	䀘	FAD3	4018
䀹	䀹	FAD4	4039
𥉉	𥉉	FAD5	25249
𥳐	𥳐	FAD6	25CD0
𧻓	𧻓	FAD7	27ED3
齃	齃	FAD8	9F43
龎	龎	FAD9	9F8E
丽	丽	2F800	4E3D
丸	丸	2F801	4E38
乁	乁	2F802	4E41
𠄢	𠄢	2F803	20122
你	你	2F804	4F60
侮	侮	2F805	4FAE
侻	侻	2F806	4FBB
倂	併	2F807	4F75
偺	偺	2F808	507A
備	備	2F809	5099
僧	僧	2F80A	50E7
像	像	2F80B	50CF
㒞	㒞	2F80C	349E
𠘺	𠘺	2F80D	2063A
免	免	2F80E	514D
兔	兔	2F80F	5154
兤	兤	2F810	5164
具	具	2F811	5177
𠔜	𠔜	2F812	2051C
㒹	㒹	2F813	34B9
內	內	2F814	5167
再	再	2F815	518D
𠕋	𠕋	2F816	2054B
冗	冗	2F817	5197
冤	冤	2F818	51A4
仌	仌	2F819	4ECC
冬	冬	2F81A	51AC
况	况	2F81B	51B5
𩇟	𩇟	2F81C	291DF
凵	凵	2F81D	51F5
刃	刃	2F81E	5203
㓟	㓟	2F81F	34DF
刻	刻	2F820	523B
剆	剆	2F821	5246
割	割	2F822	5272
剷	剷	2F823	5277
㔕	㔕	2F824	3515
勇	勇	2F825	52C7
勉	勉	2F826	52C9
勤	勤	2F827	52E4
勺	勺	2F828	52FA
包	包	2F829	5305
匆	匆	2F82A	5306
北	北	2F82B	5317
卉	卉	2F82C	5349
卑	卑	2F82D	5351
博	博	2F82E	535A
即	即	2F82F	5373
卽	卽	2F830	537D
卿	卿	2F831	537F
卿	卿	2F832	537F
卿	卿	2F833	537F
𠨬	𠨬	2F834	20A2C
灰	灰	2F835	7070
及	及	2F836	53CA
叟	叟	2F837	53DF
𠭣	𠭣	2F838	20B63
叫	叫	2F839	53EB
叱	叱	2F83A	53F1
吆	吆	2F83B	5406
咞	咞	2F83C	549E
吸	吸	2F83D	5438
呈	呈	2F83E	5448
周	周	2F83F	5468
咢	咢	2F840	54A2
哶	哶	2F841	54F6
唐	唐	2F842	5510
啓	啓	2F843	5553
啣	啣	2F844	5563
善	善	2F845	5584
善	善	2F846	5584
喙	喙	2F847	5599
喫	喫	2F848	55AB
喳	喳	2F849	55B3
嗂	嗂	2F84A	55C2
圖	圖	2F84B	5716
嘆	嘆	2F84C	5606
圗	圗	2F84D	5717
噑	噑	2F84E	5651
噴	噴	2F84F	5674
切	切	2F850	5207
壮	壮	2F851	58EE
城	城	2F852	57CE
埴	埴	2F853	57F4
堍	堍	2F854	580D
型	型	2F855	578B
堲	堲	2F856	5832
報	報	2F857	5831
墬	墬	2F858	58AC
𡓤	𡓤	2F859	214E4
売	売	2F85A	58F2
壷	壷	2F85B	58F7
夆	夆	2F85C	5906
多	多	2F85D	591A
夢	夢	2F85E	5922
奢	奢	2F85F	5962
𡚨	𡚨	2F860	216A8
𡛪	𡛪	2F861	216EA
姬	姬	2F862	59EC
娛	娛	2F863	5A1B
娧	娧	2F864	5A27
姘	姘	2F865	59D8
婦	婦	2F866	5A66
㛮	㛮	2F867	36EE
㛼	㛼	2F868	36FC
嬈	嬈	2F869	5B08
嬾	嬾	2F86A	5B3E
嬾	嬾	2F86B	5B3E
𡧈	𡧈	2F86C	219C8
寃	寃	2F86D	5BC3
寘	寘	2F86E	5BD8
寧	寧	2F86F	5BE7
寳	寳	2F870	5BF3
𡬘	𡬘	2F871	21B18
寿	寿	2F872	5BFF
将	将	2F873	5C06
当	当	2F874	5F53
尢	尢	2F875	5C22
㞁	㞁	2F876	3781
屠	屠	2F877	5C60
屮	屮	2F878	5C6E
峀	峀	2F879	5CC0
岍	岍	2F87A	5C8D
𡷤	𡷤	2F87B	21DE4
嵃	嵃	2F87C	5D43
𡷦	𡷦	2F87D	21DE6
嵮	嵮	2F87E	5D6E
嵫	嵫	2F87F	5D6B
嵼	嵼	2F880	5D7C
巡	巡	2F881	5DE1
巢	巢	2F882	5DE2
㠯	㠯	2F883	382F
巽	巽	2F884	5DFD
帨	帨	2F885	5E28
帽	帽	2F886	5E3D
幩	幩	2F887	5E69
㡢	㡢	2F888	3862
𢆃	𢆃	2F889	22183
㡼	㡼	2F88A	387C
庰	庰	2F88B	5EB0
庳	庳	2F88C	5EB3
庶	庶	2F88D	5EB6
廊	廊	2F88E	5ECA
𪎒	𪎒	2F88F	2A392
廾	廾	2F890	5EFE
𢌱	𢌱	2F891	22331
𢌱	𢌱	2F892	22331
舁	舁	2F893	8201
弢	弢	2F894	5F22
弢	弢	2F895	5F22
㣇	㣇	2F896	38C7
𣊸	𣊸	2F897	232B8
𦇚	𦇚	2F898	261DA
形	形	2F899	5F62
彫	彫	2F89A	5F6B
㣣	㣣	2F89B	38E3
徚	徚	2F89C	5F9A
忍	忍	2F89D	5FCD
志	志	2F89E	5FD7
忹	忹	2F89F	5FF9
悁	悁	2F8A0	6081
㤺	㤺	2F8A1	393A
㤜	㤜	2F8A2	391C
悔	悔	2F8A3	6094
𢛔	𢛔	2F8A4	226D4
惇	惇	2F8A5	60C7
慈	慈	2F8A6	6148
慌	慌	2F8A7	614C
慎	慎	2F8A8	614E
慌	慌	2F8A9	614C
慺	慺	2F8AA	617A
憎	憎	2F8AB	618E
憲	憲	2F8AC	61B2
憤	憤	2F8AD	61A4
憯	憯	2F8AE	61AF
懞	懞	2F8AF	61DE
懲	懲	2F8B0	61F2
懶	懶	2F8B1	61F6
成	成	2F8B2	6210
戛	戛	2F8B3	621B
扝	扝	2F8B4	625D
抱	抱	2F8B5	62B1
拔	拔	2F8B6	62D4
捐	捐	2F8B7	6350
𢬌	𢬌	2F8B8	22B0C
挽	挽	2F8B9	633D
拼	拼	2F8BA	62FC
捨	捨	2F8BB	6368
掃	掃	2F8BC	6383
揤	揤	2F8BD	63E4
𢯱	𢯱	2F8BE	22BF1
搢	搢	2F8BF	6422
揅	揅	2F8C0	63C5
掩	掩	2F8C1	63A9
㨮	㨮	2F8C2	3A2E
摩	摩	2F8C3	6469
摾	摾	2F8C4	647E
撝	撝	2F8C5	649D
摷	摷	2F8C6	6477
㩬	㩬	2F8C7	3A6C
敏	敏	2F8C8	654F
敬	敬	2F8C9	656C
𣀊	𣀊	2F8CA	2300A
旣	旣	2F8CB	65E3
書	書	2F8CC	66F8
晉	晉	2F8CD	6649
㬙	㬙	2F8CE	3B19
暑	暑	2F8CF	6691
㬈	㬈	2F8D0	3B08
㫤	㫤	2F8D1	3AE4
冒	冒	2F8D2	5192
冕	冕	2F8D3	5195
最	最	2F8D4	6700
暜	暜	2F8D5	669C
肭	肭	2F8D6	80AD
䏙	䏙	2F8D7	43D9
朗	朗	2F8D8	6717
望	望	2F8D9	671B
朡	朡	2F8DA	6721
杞	杞	2F8DB	675E
杓	杓	2F8DC	6753
𣏃	𣏃	2F8DD	233C3
㭉	㭉	2F8DE	3B49
柺	柺	2F8DF	67FA
枅	枅	2F8E0	6785
桒	桒	2F8E1	6852
梅	梅	2F8E2	6885
𣑭	𣑭	2F8E3	2346D
梎	梎	2F8E4	688E
栟	栟	2F8E5	681F
椔	椔	2F8E6	6914
㮝	㮝	2F8E7	3B9D
楂	楂	2F8E8	6942
榣	榣	2F8E9	69A3
槪	槪	2F8EA	69EA
檨	檨	2F8EB	6AA8
𣚣	𣚣	2F8EC	236A3
櫛	櫛	2F8ED	6ADB
㰘	㰘	2F8EE	3C18
次	次	2F8EF	6B21
𣢧	𣢧	2F8F0	238A7
歔	歔	2F8F1	6B54
㱎	㱎	2F8F2	3C4E
歲	歲	2F8F3	6B72
殟	殟	2F8F4	6B9F
殺	殺	2F8F5	6BBA
殻	殻	2F8F6	6BBB
𣪍	𣪍	2F8F7	23A8D
𡴋	𡴋	2F8F8	21D0B
𣫺	𣫺	2F8F9	23AFA
汎	汎	2F8FA	6C4E
𣲼	𣲼	2F8FB	23CBC
沿	沿	2F8FC	6CBF
泍	泍	2F8FD	6CCD
汧	汧	2F8FE	6C67
洖	洖	2F8FF	6D16
派	派	2F900	6D3E
海	海	2F901	6D77
流	流	2F902	6D41
浩	浩	2F903	6D69
浸	浸	2F904	6D78
涅	涅	2F905	6D85
𣴞	𣴞	2F906	23D1E
洴	洴	2F907	6D34
港	港	2F908	6E2F
湮	湮	2F909	6E6E
㴳	㴳	2F90A	3D33
滋	滋	2F90B	6ECB
滇	滇	2F90C	6EC7
𣻑	𣻑	2F90D	23ED1
淹	淹	2F90E	6DF9
潮	潮	2F90F	6F6E
𣽞	𣽞	2F910	23F5E
𣾎	𣾎	2F911	23F8E
濆	濆	2F912	6FC6
瀹	瀹	2F913	7039
瀞	瀞	2F914	701E
瀛	瀛	2F915	701B
㶖	㶖	2F916	3D96
灊	灊	2F917	704A
災	災	2F918	707D
灷	灷	2F919	7077
炭	炭	2F91A	70AD
𠔥	𠔥	2F91B	20525
煅	煅	2F91C	7145
𤉣	𤉣	2F91D	24263
熜	熜	2F91E	719C
𤎫	𤎫	2F91F	243AB
爨	爨	2F920	7228
爵	爵	2F921	7235
牐	牐	2F922	7250
𤘈	𤘈	2F923	24608
犀	犀	2F924	7280
犕	犕	2F925	7295
𤜵	𤜵	2F926	24735
𤠔	𤠔	2F927	24814
獺	獺	2F928	737A
王	王	2F929	738B
㺬	㺬	2F92A	3EAC
玥	玥	2F92B	73A5
㺸	㺸	2F92C	3EB8
㺸	㺸	2F92D	3EB8
瑇	瑇	2F92E	7447
瑜	瑜	2F92F	745C
瑱	瑱	2F930	7471
璅	璅	2F931	7485
瓊	瓊	2F932	74CA
㼛	㼛	2F933	3F1B
甤	甤	2F934	7524
𤰶	𤰶	2F935	24C36
甾	甾	2F936	753E
𤲒	𤲒	2F937	24C92
異	異	2F938	7570
𢆟	𢆟	2F939	2219F
瘐	瘐	2F93A	7610
𤾡	𤾡	2F93B	24FA1
𤾸	𤾸	2F93C	24FB8
𥁄	𥁄	2F93D	25044
㿼	㿼	2F93E	3FFC
䀈	䀈	2F93F	4008
直	直	2F940	76F4
𥃳	𥃳	2F941	250F3
𥃲	𥃲	2F942	250F2
𥄙	𥄙	2F943	25119
𥄳	𥄳	2F944	25133
眞	眞	2F945	771E
真	真	2F946	771F
真	真	2F947	771F
睊	睊	2F948	774A
䀹	䀹	2F949	4039
瞋	瞋	2F94A	778B
䁆	䁆	2F94B	4046
䂖	䂖	2F94C	4096
𥐝	𥐝	2F94D	2541D
硎	硎	2F94E	784E
碌	碌	2F94F	788C
磌	磌	2F950	78CC
䃣	䃣	2F951	40E3
𥘦	𥘦	2F952	25626
祖	祖	2F953	7956
𥚚	𥚚	2F954	2569A
𥛅	𥛅	2F955	256C5
福	福	2F956	798F
秫	秫	2F957	79EB
䄯	䄯	2F958	412F
穀	穀	2F959	7A40
穊	穊	2F95A	7A4A
穏	穏	2F95B	7A4F
𥥼	𥥼	2F95C	2597C
𥪧	𥪧	2F95D	25AA7
𥪧	𥪧	2F95E	25AA7
竮	竮	2F95F	7AEE
䈂	䈂	2F960	4202
𥮫	𥮫	2F961	25BAB
篆	篆	2F962	7BC6
築	築	2F963	7BC9
䈧	䈧	2F964	4227
𥲀	𥲀	2F965	25C80
糒	糒	2F966	7CD2
䊠	䊠	2F967	42A0
糨	糨	2F968	7CE8
糣	糣	2F969	7CE3
紀	紀	2F96A	7D00
𥾆	𥾆	2F96B	25F86
絣	絣	2F96C	7D63
䌁	䌁	2F96D	4301
緇	緇	2F96E	7DC7
縂	縂	2F96F	7E02
繅	繅	2F970	7E45
䌴	䌴	2F971	4334
𦈨	𦈨	2F972	26228
𦉇	𦉇	2F973	26247
䍙	䍙	2F974	4359
𦋙	𦋙	2F975	262D9
罺	罺	2F976	7F7A
𦌾	𦌾	2F977	2633E
羕	羕	2F978	7F95
翺	翺	2F979	7FFA
者	者	2F97A	8005
𦓚	𦓚	2F97B	264DA
𦔣	𦔣	2F97C	26523
聠	聠	2F97D	8060
𦖨	𦖨	2F97E	265A8
聰	聰	2F97F	8070
𣍟	𣍟	2F980	2335F
䏕	䏕	2F981	43D5
育	育	2F982	80B2
脃	脃	2F983	8103
䐋	䐋	2F984	440B
脾	脾	2F985	813E
媵	媵	2F986	5AB5
𦞧	𦞧	2F987	267A7
𦞵	𦞵	2F988	267B5
𣎓	𣎓	2F989	23393
𣎜	𣎜	2F98A	2339C
舁	舁	2F98B	8201
舄	舄	2F98C	8204
辞	辞	2F98D	8F9E
䑫	䑫	2F98E	446B
芑	芑	2F98F	8291
芋	芋	2F990	828B
芝	芝	2F991	829D
劳	劳	2F992	52B3
花	花	2F993	82B1
芳	芳	2F994	82B3
芽	芽	2F995	82BD
苦	苦	2F996	82E6
𦬼	𦬼	2F997	26B3C
若	若	2F998	82E5
茝	茝	2F999	831D
荣	荣	2F99A	8363
莭	莭	2F99B	83AD
茣	茣	2F99C	8323
莽	莽	2F99D	83BD
菧	菧	2F99E	83E7
著	著	2F99F	8457
荓	荓	2F9A0	8353
菊	菊	2F9A1	83CA
菌	菌	2F9A2	83CC
菜	菜	2F9A3	83DC
𦰶	𦰶	2F9A4	26C36
𦵫	𦵫	2F9A5	26D6B
𦳕	𦳕	2F9A6	26CD5
䔫	䔫	2F9A7	452B
蓱	蓱	2F9A8	84F1
蓳	蓳	2F9A9	84F3
蔖	蔖	2F9AA	8516
𧏊	𧏊	2F9AB	273CA
蕤	蕤	2F9AC	8564
𦼬	𦼬	2F9AD	26F2C
䕝	䕝	2F9AE	455D
䕡	䕡	2F9AF	4561
𦾱	𦾱	2F9B0	26FB1
𧃒	𧃒	2F9B1	270D2
䕫	䕫	2F9B2	456B
虐	虐	2F9B3	8650
虜	虜	2F9B4	865C
虧	虧	2F9B5	8667
虩	虩	2F9B6	8669
蚩	蚩	2F9B7	86A9
蚈	蚈	2F9B8	8688
蜎	蜎	2F9B9	870E
蛢	蛢	2F9BA	86E2
蝹	蝹	2F9BB	8779
蜨	蜨	2F9BC	8728
蝫	蝫	2F9BD	876B
螆	螆	2F9BE	8786
䗗	䗗	2F9BF	45D7
蟡	蟡	2F9C0	87E1
蠁	蠁	2F9C1	8801
䗹	䗹	2F9C2	45F9
衠	衠	2F9C3	8860
衣	衣	2F9C4	8863
𧙧	𧙧	2F9C5	27667
裗	裗	2F9C6	88D7
裞	裞	2F9C7	88DE
䘵	䘵	2F9C8	4635
裺	裺	2F9C9	88FA
㒻	㒻	2F9CA	34BB
𧢮	𧢮	2F9CB	278AE
𧥦	𧥦	2F9CC	27966
䚾	䚾	2F9CD	46BE
䛇	䛇	2F9CE	46C7
誠	誠	2F9CF	8AA0
諭	諭	2F9D0	8AED
變	變	2F9D1	8B8A
豕	豕	2F9D2	8C55
𧲨	𧲨	2F9D3	27CA8
貫	貫	2F9D4	8CAB
賁	賁	2F9D5	8CC1
贛	贛	2F9D6	8D1B
起	起	2F9D7	8D77
𧼯	𧼯	2F9D8	27F2F
𠠄	𠠄	2F9D9	20804
跋	跋	2F9DA	8DCB
趼	趼	2F9DB	8DBC
跰	跰	2F9DC	8DF0
𠣞	𠣞	2F9DD	208DE
軔	軔	2F9DE	8ED4
輸	輸	2F9DF	8F38
𨗒	𨗒	2F9E0	285D2
𨗭	𨗭	2F9E1	285ED
邔	邔	2F9E2	9094
郱	郱	2F9E3	90F1
鄑	鄑	2F9E4	9111
𨜮	𨜮	2F9E5	2872E
鄛	鄛	2F9E6	911B
鈸	鈸	2F9E7	9238
鋗	鋗	2F9E8	92D7
鋘	鋘	2F9E9	92D8
鉼	鉼	2F9EA	927C
鏹	鏹	2F9EB	93F9
鐕	鐕	2F9EC	9415
𨯺	𨯺	2F9ED	28BFA
開	開	2F9EE	958B
䦕	䦕	2F9EF	4995
閷	閷	2F9F0	95B7
𨵷	𨵷	2F9F1	28D77
䧦	䧦	2F9F2	49E6
雃	雃	2F9F3	96C3
嶲	嶲	2F9F4	5DB2
霣	霣	2F9F5	9723
𩅅	𩅅	2F9F6	29145
𩈚	𩈚	2F9F7	2921A
䩮	䩮	2F9F8	4A6E
䩶	䩶	2F9F9	4A76
韠	韠	2F9FA	97E0
𩐊	𩐊	2F9FB	2940A
䪲	䪲	2F9FC	4AB2
𩒖	𩒖	2F9FD	29496
頋	頋	2F9FE	980B
頋	頋	2F9FF	980B
頩	頩	2FA00	9829
𩖶	𩖶	2FA01	295B6
飢	飢	2FA02	98E2
䬳	䬳	2FA03	4B33
餩	餩	2FA04	9929
馧	馧	2FA05	99A7
駂	駂	2FA06	99C2
駾	駾	2FA07	99FE
䯎	䯎	2FA08	4BCE
𩬰	𩬰	2FA09	29B30
鬒	鬒	2FA0A	9B12
鱀	鱀	2FA0B	9C40
鳽	鳽	2FA0C	9CFD
䳎	䳎	2FA0D	4CCE
䳭	䳭	2FA0E	4CED
鵧	鵧	2FA0F	9D67
𪃎	𪃎	2FA10	2A0CE
䳸	䳸	2FA11	4CF8
𪄅	𪄅	2FA12	2A105
𪈎	𪈎	2FA13	2A20E
𪊑	𪊑	2FA14	2A291
麻	麻	2FA15	9EBB
䵖	䵖	2FA16	4D56
黹	黹	2FA17	9EF9
黾	黾	2FA18	9EFE
鼅	鼅	2FA19	9F05
鼏	鼏	2FA1A	9F0F
鼖	鼖	2FA1B	9F16
鼻	鼻	2FA1C	9F3B
𪘀	𪘀	2FA1D	2A600
